submit_date,state,total_cases,new_cases,total_deaths,new_deaths,sum_cases_last_14_days,state_pop,new_cases_percent,cases_last_14_pop_percent
2022-01-12,NY,2293705,27587,24414,75,432741,19572319,0.14094906178465616,2.2109848097202995
2022-01-11,NY,2266118,20778,24339,83,432653,19572319,0.10616013360501635,2.2105351951396255
2022-01-10,NY,2245340,22513,24256,56,424881,19572319,0.11502469380352937,2.1708260528555661
2022-01-09,NY,2222827,37136,24200,80,410737,19572319,0.18973735304436842,2.0985607275254403
2022-01-08,NY,2185691,42541,24120,86,404935,19572319,0.21735288495962077,2.068916820740557
2022-01-07,NY,2143150,37816,24034,86,362394,19572319,0.19321164753139372,1.8515639357809361
2022-01-06,NY,2105334,38044,23948,68,341956,19572319,0.19437655803586687,1.7471409494194325
2022-01-05,NY,2067290,35182,23880,55,319939,19572319,0.17975386565076934,1.6346504468887924
2022-01-04,NY,2032108,22422,23825,48,296460,19572319,0.1145597514530598,1.5146902112110476
2022-01-03,NY,2009686,22452,23777,56,282536,19572319,0.1147130291510168,1.4435489223326066
2022-01-02,NY,1987234,26876,23721,51,268230,19572319,0.13731638034307533,1.370455897433513
2022-01-01,NY,1960358,35752,23670,59,251428,19572319,0.18266614191195227,1.2846101680643975
2021-12-31,NY,1924606,33420,23611,43,225995,19572319,0.170751355524095,1.1546664449930537
2021-12-30,NY,1891186,30222,23568,52,203316,19572319,0.15441195292187909,1.0387936145941623
2021-12-29,NY,1860964,27499,23516,70,183052,19572319,0.1404994472039823,0.9352596388808091
2021-12-28,NY,1833465,13006,23446,42,163413,19572319,0.066450991320956915,0.83491894854156012
2021-12-27,NY,1820459,8369,23404,90,155549,19572319,0.04275936847340369,0.79473975465043267
2021-12-26,NY,1812090,31334,23314,43,152349,19572319,0.16009344625948513,0.77839013353501962
2021-12-25,NY,1780756,0,23271,0,128299,19572319,0.0,0.65551251233949337
2021-12-24,NY,1780756,17378,23271,49,136171,19572319,0.088788661169889982,0.69573258028340945
2021-12-23,NY,1763378,16027,23222,56,126885,19572319,0.08188605550522654,0.64828802350912018
2021-12-22,NY,1747351,11703,23166,45,119096,19572319,0.059793629973024655,0.60849202386288515
2021-12-21,NY,1735648,8498,23121,41,114636,19572319,0.043418462574618781,0.58570473943327828
2021-12-20,NY,1727150,8146,23080,49,112189,19572319,0.041620004251923338,0.57320238853658578
2021-12-19,NY,1719004,10074,23031,39,108600,19572319,0.051470650973959711,0.55486526660433033
2021-12-18,NY,1708930,10319,22992,48,106356,19572319,0.05272241884060852,0.5434000947971469
2021-12-17,NY,1698611,10741,22944,53,103679,19572319,0.054878525125203609,0.52972261488278416
2021-12-16,NY,1687870,9958,22891,40,101791,19572319,0.050877977208525979,0.52007633842469048
2021-12-15,NY,1677912,7860,22851,55,100769,19572319,0.0401587568647333,0.51485467818095554
2021-12-14,NY,1670052,5142,22796,43,100546,19572319,0.026271797429829338,0.51371531395947512
2021-12-13,NY,1664910,5169,22753,38,100574,19572319,0.026409747357990638,0.513858373144235
2021-12-12,NY,1659741,7284,22715,49,99399,19572319,0.03721582506395895,0.50785499664091927
2021-12-11,NY,1652457,7872,22666,50,96621,19572319,0.040220067943916096,0.49366148181010128
2021-12-10,NY,1644585,8092,22616,49,91996,19572319,0.041344104395600746,0.47003117004173089
2021-12-09,NY,1636493,8238,22567,43,88841,19572319,0.042090055858991463,0.45391146547325334
2021-12-08,NY,1628255,7243,22524,33,87365,19572319,0.037006345543417717,0.44637020273376904
2021-12-07,NY,1621012,6051,22491,42,85819,19572319,0.030916111677926364,0.43847129203238516
2021-12-06,NY,1614961,4557,22449,43,83898,19572319,0.023282882319667894,0.42865641010653877
2021-12-05,NY,1610404,7830,22406,32,83435,19572319,0.040005479166776305,0.42629082430140242
2021-12-04,NY,1602574,7642,22374,30,81097,19572319,0.039044938926245783,0.41434538237395374
2021-12-03,NY,1594932,8853,22344,42,79011,19572319,0.045232248667109912,0.40368747310934383
2021-12-02,NY,1586079,8936,22302,43,76175,19572319,0.045656316964790937,0.38919762139580905
2021-12-01,NY,1577143,7637,22259,38,73756,19572319,0.039019392643252951,0.37683832968387648
2021-11-30,NY,1569506,5170,22221,36,71043,19572319,0.026414856614589206,0.3629769165319654
2021-11-29,NY,1564336,3994,22185,35,69832,19572319,0.020406370854674911,0.35678960679110122
2021-11-28,NY,1560342,4506,22150,27,69363,19572319,0.023022310233141,0.35439336544637351
2021-11-27,NY,1555836,3247,22123,56,69053,19572319,0.016589756175545676,0.35280949590081789
2021-11-26,NY,1552589,4937,22067,0,70901,19572319,0.025224399827123194,0.36225140209496892
2021-11-25,NY,1547652,6762,22067,24,70973,19572319,0.0345487931195072,0.36261926857006571
2021-11-24,NY,1540890,5697,22043,25,69512,19572319,0.029107434842033795,0.35515464467955993
2021-11-23,NY,1535193,4130,22018,24,67979,19572319,0.021101229752079967,0.34732215431395741
2021-11-22,NY,1531063,4094,21994,27,67107,19572319,0.020917296514531569,0.3428668825600073
2021-11-21,NY,1526969,5492,21967,24,65707,19572319,0.028060037239327641,0.33571392332201411
2021-11-20,NY,1521477,5556,21943,18,63930,19572319,0.028387029661635907,0.32663477434636129
2021-11-19,NY,1515921,6017,21925,31,62225,19572319,0.0307423969535751,0.31792349184580532
2021-11-18,NY,1509904,6517,21894,27,60090,19572319,0.033297025252858388,0.30701522900786565
2021-11-17,NY,1503387,4924,21867,21,57230,19572319,0.025157979491341829,0.29240275513596525
2021-11-16,NY,1498463,3959,21846,26,55536,19572319,0.020227546873725081,0.28374767445799343
2021-11-15,NY,1494504,3525,21820,24,53872,19572319,0.018010129509947185,0.27524587147797869
2021-11-14,NY,1490979,4196,21796,21,52526,19572319,0.02143844068758536,0.26836881209630808
2021-11-13,NY,1486783,5095,21775,15,51124,19572319,0.026031662369696715,0.26120563434511768
2021-11-12,NY,1481688,5009,21760,25,49172,19572319,0.025592266302219988,0.25123236546471578
2021-11-11,NY,1476679,5301,21735,34,48351,19572319,0.027084169229001427,0.24703766579729258
2021-11-10,NY,1471378,4164,21701,25,46249,19572319,0.021274944476431228,0.23629800842710566
2021-11-09,NY,1467214,3258,21676,30,45585,19572319,0.016645957998129911,0.23290546204565743
2021-11-08,NY,1463956,2694,21646,22,43968,19572319,0.01376433727653836,0.22464379412577529
2021-11-07,NY,1461262,3715,21624,20,43629,19572319,0.018980888263674837,0.22291175613886124
2021-11-06,NY,1457547,3851,21604,34,42066,19572319,0.019675747161079889,0.21492598807530167
2021-11-05,NY,1453696,3882,21570,28,41679,19572319,0.019834134115635452,0.21294870577165639
2021-11-04,NY,1449814,3657,21542,29,40532,19572319,0.018684551380957974,0.20708838845310051
2021-11-03,NY,1446157,3230,21513,35,40053,19572319,0.016502898813370047,0.20464105454238712
2021-11-02,NY,1442927,2295,21800,14,40360,19572319,0.011725743893710295,0.20620959631814706
2021-11-01,NY,1440632,2179,21786,26,39915,19572319,0.011133070128276572,0.20393597713178496
2021-10-31,NY,1438453,2794,21760,26,40052,19572319,0.014275262936395017,0.20463594528578855
2021-10-30,NY,1435659,3143,21734,27,40407,19572319,0.016058393489294755,0.20644973137827968
2021-10-29,NY,1432516,4188,21707,27,41282,19572319,0.021397566634796826,0.21092033090202547
2021-10-28,NY,1428328,3199,21680,24,41401,19572319,0.016344511858814484,0.21152833243725488
2021-10-27,NY,1425129,3500,21656,30,41547,19572319,0.017882398094983022,0.21227428390064559
2021-10-26,NY,1421629,1641,21626,32,41566,19572319,0.0083842900782477546,0.21237135977601834
2021-10-25,NY,1419988,2355,21594,21,42273,19572319,0.01203229928962429,0.21598360419120494
2021-10-24,NY,1417633,2152,21573,24,43701,19572319,0.010995120200115276,0.223279622613958
2021-10-23,NY,1415481,3464,21549,31,43626,19572319,0.017698464857434627,0.22289642836906551
2021-10-22,NY,1412017,2735,21518,20,43701,19572319,0.01397381679707959,0.223279622613958
2021-10-21,NY,1409282,3178,21498,40,45303,19572319,0.016237217470244581,0.23146465168486166
2021-10-20,NY,1406104,3537,21458,26,45803,19572319,0.018071440589129985,0.23401927998414496
2021-10-19,NY,1402567,1850,21432,25,46537,19572319,0.0094521247073481689,0.23776947432749282
2021-10-18,NY,1400717,2316,21407,21,47411,19572319,0.011833038282280195,0.24223496459464
2021-10-17,NY,1398401,3149,21386,31,46929,19572319,0.016089049028886152,0.23977230291413093
2021-10-16,NY,1395252,4018,21355,19,47176,19572319,0.020528993013040508,0.24103428929397688
2021-10-15,NY,1391234,4307,21336,22,46494,19572319,0.02200556817002625,0.23754977629375446
2021-10-14,NY,1386927,3345,21314,38,46115,19572319,0.0170904633222052,0.23561336804289773
2021-10-13,NY,1383582,3519,21276,25,46148,19572319,0.017979473970355788,0.23578197351065039
2021-10-12,NY,1380063,2348,21251,25,46455,19572319,0.011996534493434324,0.23735051528641035
2021-10-11,NY,1377715,3783,21226,22,46828,19572319,0.019328317712377363,0.23925626799767571
2021-10-10,NY,1373932,2077,21204,25,45871,19572319,0.010611925955222782,0.23436670943284749
2021-10-09,NY,1371855,3539,21179,28,46757,19572319,0.018081659102327119,0.23889351077917748
2021-10-08,NY,1368316,4337,21151,33,47016,19572319,0.022158845867983248,0.24021680823820621
2021-10-07,NY,1363979,3678,21118,20,47142,19572319,0.018791845769527873,0.24086057456962559
2021-10-06,NY,1360301,4271,21098,23,46758,19572319,0.021821634932477851,0.23889862003577603
2021-10-05,NY,1356030,2724,21075,28,45456,19572319,0.013917614974495358,0.23224636794444234
2021-10-04,NY,1353306,1834,21047,14,46343,19572319,0.0093703766017711031,0.23677827854737094
2021-10-03,NY,1351472,3396,21033,24,46672,19572319,0.017351035408732098,0.2384592239682993
2021-10-02,NY,1348076,3336,21009,18,46796,19572319,0.017044480012818105,0.23909277178652158
2021-10-01,NY,1344740,3928,20991,23,46746,19572319,0.020069159919169518,0.23883730895659325
2021-09-30,NY,1340812,3378,20968,30,46691,19572319,0.0172590687899579,0.23855629984367208
2021-09-29,NY,1337434,3826,20938,30,48051,19572319,0.019548015746115727,0.24550488881772262
2021-09-28,NY,1333608,2721,20908,21,47406,19572319,0.013902287204699658,0.24220941831164716
2021-09-27,NY,1330887,2826,20887,16,47238,19572319,0.014438759147549149,0.24135106320308802
2021-09-26,NY,1328061,2963,20871,29,46710,19572319,0.01513872730155277,0.23865337571904485
2021-09-25,NY,1325098,3798,20842,24,47482,19572319,0.019404956561355862,0.24259772181313824
2021-09-24,NY,1321300,4463,20818,19,47275,19572319,0.022802612199402637,0.24154010569723497
2021-09-23,NY,1316837,3294,20799,29,46876,19572319,0.016829891235678306,0.23950151231440692
2021-09-22,NY,1313543,2969,20770,25,47012,19572319,0.015169382841144169,0.24019637121181192
2021-09-21,NY,1310574,3611,20745,29,46498,19572319,0.018449525577423912,0.23757021332014872
2021-09-20,NY,1306963,2163,20716,21,45149,19572319,0.011051322022699508,0.23067782616868243
2021-09-19,NY,1304800,3520,20695,25,45445,19572319,0.017984583226954353,0.23219016612185811
2021-09-18,NY,1301280,3286,20670,19,44794,19572319,0.016789017182889773,0.22886404007619127
2021-09-17,NY,1297994,3873,20651,23,44882,19572319,0.019788150806248357,0.22931365465686512
2021-09-16,NY,1294121,4738,20628,27,44800,19572319,0.024207657764008444,0.22889469561578266
2021-09-15,NY,1289383,3181,20601,25,43318,19572319,0.016252545240040283,0.221322777336707
2021-09-14,NY,1286202,2553,20576,21,42966,19572319,0.013043932096140472,0.21952431901401159
2021-09-13,NY,1283649,2298,20555,17,42793,19572319,0.011741071663505995,0.21864041762245956
2021-09-12,NY,1281351,3735,20538,20,43137,19572319,0.019083073395646168,0.22039800189236647
2021-09-11,NY,1277616,3591,20518,20,42319,19572319,0.018347340445452581,0.21621862999473898
2021-09-10,NY,1274025,4064,20498,27,41645,19572319,0.020764018816574571,0.2127749910473051
2021-09-09,NY,1269961,3430,20471,15,41804,19572319,0.017524750133083359,0.2135873628464772
2021-09-08,NY,1266531,2455,20456,20,41546,19572319,0.012543224949480947,0.21226917464404704
2021-09-07,NY,1264076,2262,20436,26,41484,19572319,0.011557138425957599,0.21195240073493593
2021-09-06,NY,1261814,2459,20410,18,40988,19572319,0.012563661975875214,0.20941820946204689
2021-09-05,NY,1259355,2869,20392,22,40823,19572319,0.014658457181287511,0.20857518212328341
2021-09-04,NY,1256486,3374,20370,18,40452,19572319,0.017238631763563633,0.2066796479252152
2021-09-03,NY,1253112,3791,20352,20,39984,19572319,0.019369191765165897,0.20428851583708602
2021-09-02,NY,1249321,3256,20332,24,38975,19572319,0.016635739484932778,0.19913327592913235
2021-09-01,NY,1246065,2829,20308,18,38477,19572319,0.014454086917344849,0.19658886614304619
2021-08-31,NY,1243236,2380,20290,12,38306,19572319,0.012160030704588454,0.19571518326469131
2021-08-30,NY,1240856,2642,20278,8,37971,19572319,0.013498655933412897,0.19400358230417153
2021-08-29,NY,1238214,2917,20270,22,37398,19572319,0.014903701498018706,0.19107597827319286
2021-08-28,NY,1235297,2917,20248,22,36702,19572319,0.014903701498018706,0.18751993568059053
2021-08-27,NY,1232380,4223,20226,14,36107,19572319,0.021576390615746659,0.18447992800444341
2021-08-26,NY,1228157,3172,20212,16,34458,19572319,0.016206561930653184,0.17605476387340713
2021-08-25,NY,1224985,2393,20196,11,33730,19572319,0.01222645104036982,0.17233522506965065
2021-08-24,NY,1222592,1766,20185,8,33528,19572319,0.0090229471530685768,0.17130315523674022
2021-08-23,NY,1220826,2294,20177,13,33484,19572319,0.01172063463711173,0.17107834794640328
2021-08-22,NY,1218532,2498,20164,16,32871,19572319,0.012762922983219311,0.167946373651482
2021-08-21,NY,1216034,2906,20148,13,32146,19572319,0.014847499675434476,0.1642421626175212
2021-08-20,NY,1213128,2782,20135,12,31681,19572319,0.014213951857212217,0.16186635829918775
2021-08-19,NY,1210346,2758,20123,12,30664,19572319,0.014091329698846621,0.15667024433844554
2021-08-18,NY,1207588,2658,20111,15,29595,19572319,0.013580404038989963,0.15120844903457786
2021-08-17,NY,1204930,2045,20096,10,28463,19572319,0.010448429744068651,0.1454247705650005
2021-08-16,NY,1202885,2069,20086,6,27906,19572319,0.01057105190243425,0.1425789146395989
2021-08-15,NY,1200816,2221,20080,11,26778,19572319,0.011347658905416369,0.1368156731964158
2021-08-14,NY,1198595,2322,20069,9,25811,19572319,0.011863693821871593,0.13187502206560192
2021-08-13,NY,1196273,2574,20060,8,24857,19572319,0.013151226484710371,0.12700079127056943
2021-08-12,NY,1193699,2444,20052,13,23542,19572319,0.012487023126896715,0.12028211884345438
2021-08-11,NY,1191255,2191,20039,11,22272,19572319,0.011194381207459371,0.11379336296327482
2021-08-10,NY,1189064,1722,20028,8,21026,19572319,0.0087981398627316465,0.10742722924146086
2021-08-09,NY,1187342,1681,20020,6,20079,19572319,0.0085886603421904163,0.10258876324261831
2021-08-08,NY,1185661,1773,20014,5,18951,19572319,0.0090587119492585421,0.096825521799435224
2021-08-07,NY,1183888,2441,20009,7,18090,19572319,0.012471695357101017,0.092426451868069387
2021-08-06,NY,1181447,1765,20002,2,16389,19572319,0.0090178378964700084,0.083735606393907647
2021-08-05,NY,1179682,1689,20000,4,15398,19572319,0.00862953439497895,0.078672333104728168
2021-08-04,NY,1177993,1526,19996,5,14359,19572319,0.0077967255694125969,0.073363815498817486
2021-08-03,NY,1176467,1488,19991,1,13415,19572319,0.0076025738186670678,0.068540677269770645
2021-08-02,NY,1174979,941,19990,0,12402,19572319,0.0048078104592511493,0.0633650003354227
2021-08-01,NY,1174038,1254,19990,5,11823,19572319,0.0064070077746024882,0.060406740764852647
2021-07-31,NY,1172784,1368,19985,2,11060,19572319,0.0069894630268390791,0.056508377980146351
2021-07-30,NY,1171416,1259,19983,2,10094,19572319,0.0064325540575953218,0.051572836105931039
2021-07-29,NY,1170157,1174,19981,0,9212,19572319,0.0059982672467171622,0.047066471785995316
2021-07-28,NY,1168983,945,19981,5,8444,19572319,0.0048282474856454153,0.043142562718296182
2021-07-27,NY,1168038,775,19976,1,7835,19572319,0.0039596738638890978,0.040031025449769136
2021-07-26,NY,1167263,553,19975,2,7345,19572319,0.0028254188990073175,0.037527489716471511
2021-07-25,NY,1166710,912,19973,7,7015,19572319,0.0046596420178927189,0.03584143503894454
2021-07-24,NY,1165798,740,19966,0,6357,19572319,0.0037808498829392675,0.032479544197087734
2021-07-23,NY,1165058,774,19966,2,5872,19572319,0.0039545646072905311,0.030001554746782941
2021-07-22,NY,1164284,650,19964,1,5419,19572319,0.0033210167890682755,0.027687061507632286
2021-07-21,NY,1163634,582,19963,3,4987,19572319,0.0029735873403657484,0.025479862657051523
2021-07-20,NY,1163052,475,19960,1,4578,19572319,0.0024268968843191244,0.023390176708237793
2021-07-19,NY,1162577,362,19959,1,4231,19572319,0.0018495508886811011,0.02161726466853519
2021-07-18,NY,1162215,491,19958,1,4010,19572319,0.0025086449898961897,0.020488118960251978
2021-07-17,NY,1161724,402,19957,1,3680,19572319,0.0020539211526237641,0.018802064282725007
2021-07-16,NY,1161322,377,19956,1,3429,19572319,0.0019261897376595997,0.017519640876484794
2021-07-15,NY,1160945,406,19955,1,3295,19572319,0.0020743581790180305,0.016835000492276875
2021-07-14,NY,1160539,336,19954,2,3064,19572319,0.0017167102171183701,0.015654762218007993
2021-07-13,NY,1160203,285,19952,5,2859,19572319,0.0014561381305914748,0.014607364615301844
2021-07-12,NY,1159918,223,19947,0,2680,19572319,0.0011393642214803468,0.013692807684158429
2021-07-11,NY,1159695,254,19947,0,2591,19572319,0.0012977511760359107,0.013238083846886002
2021-07-10,NY,1159441,255,19947,0,2485,19572319,0.0013028604326344774,0.012696502647437945
2021-07-09,NY,1159186,321,19947,3,2390,19572319,0.0016400713681398713,0.012211123270574119
2021-07-08,NY,1158865,218,19944,2,2210,19572319,0.0011138179384875138,0.011291457082832137
2021-07-07,NY,1158647,173,19942,3,2161,19572319,0.00088390139155201789,0.011041103509502374
2021-07-06,NY,1158474,128,19939,3,2120,19572319,0.00065398484461652194,0.010831623988961144
2021-07-05,NY,1158346,141,19936,1,2119,19572319,0.00072040518039788741,0.010826514732362579
2021-07-04,NY,1158205,161,19935,2,2033,19572319,0.00082259031236921892,0.010387118664885852
2021-07-03,NY,1158044,151,19933,0,1926,19572319,0.00077149774638355316,0.0098404282088392272
2021-07-02,NY,1157893,243,19933,1,2012,19572319,0.0012415493534516783,0.010279824276315954
2021-07-01,NY,1157650,175,19932,2,2005,19572319,0.000894119904749151,0.010244059480125989
2021-06-30,NY,1157475,131,19930,2,2042,19572319,0.00066931261441222165,0.010433101974272952
2021-06-29,NY,1157344,106,19928,1,2081,19572319,0.00054158119944805721,0.010632362981617047
2021-06-28,NY,1157238,134,19927,2,2121,19572319,0.00068464038420792137,0.010836733245559711
2021-06-27,NY,1157104,148,19925,3,2151,19572319,0.00075616997658785345,0.010990010943516707
2021-06-26,NY,1156956,160,19922,3,2203,19572319,0.00081748105577065242,0.011255692286642171
2021-06-25,NY,1156796,141,19919,3,2315,19572319,0.00072040518039788741,0.011827929025681628
2021-06-24,NY,1156655,169,19916,0,2439,19572319,0.00086346436515775157,0.012461476843903882
2021-06-23,NY,1156486,132,19916,6,2534,19572319,0.00067442187101078826,0.012946856220767708
2021-06-22,NY,1156354,127,19910,4,2618,19572319,0.00064887558801795533,0.013376033775047301
2021-06-21,NY,1156227,55,19906,4,2712,19572319,0.00028100911292116177,0.013856303895312557
2021-06-20,NY,1156172,54,19902,0,2950,19572319,0.00027589985632259521,0.015072306965771404
2021-06-19,NY,1156118,237,19902,13,3205,19572319,0.0012108938138602789,0.016375167398405881
2021-06-18,NY,1155881,236,19889,0,3458,19572319,0.0012057845572617124,0.017667809317843224
2021-06-17,NY,1155645,212,19889,2,3651,19572319,0.0010831623988961144,0.018653895841366574
2021-06-16,NY,1155433,170,19887,3,3735,19572319,0.00086857362175631818,0.019083073395646168
2021-06-15,NY,1155263,146,19884,6,3828,19572319,0.00074595146339072034,0.01955823425931286
2021-06-14,NY,1155117,164,19878,6,3897,19572319,0.00083791808216491875,0.019910772964613951
2021-06-13,NY,1154953,200,19872,5,4020,19572319,0.0010218513197133156,0.020539211526237642
2021-06-12,NY,1154753,272,19867,9,4348,19572319,0.0013897177948101092,0.02221504769056748
2021-06-11,NY,1154481,265,19858,6,4608,19572319,0.001353952998620143,0.023543454406194788
2021-06-10,NY,1154216,264,19852,4,4890,19572319,0.0013488437420215765,0.02498426476699056
2021-06-09,NY,1153952,216,19848,4,5257,19572319,0.0011035994252903808,0.0268593619386645
2021-06-08,NY,1153736,221,19844,9,5631,19572319,0.0011291457082832138,0.0287702239065284
2021-06-07,NY,1153515,293,19835,5,5889,19572319,0.0014970121833800072,0.030088412108958573
2021-06-06,NY,1153222,309,19830,12,6185,19572319,0.0015787602889570725,0.031600752062134287
2021-06-05,NY,1152913,490,19818,10,6510,19572319,0.002503535733297623,0.033261260456668419
2021-06-04,NY,1152423,429,19808,9,6872,19572319,0.0021918710807850615,0.035110811345349525
2021-06-03,NY,1151994,296,19799,7,7410,19572319,0.0015123399531757069,0.037859591395378339
2021-06-02,NY,1151698,263,19792,4,8127,19572319,0.00134373448542301,0.041522928376550576
2021-06-01,NY,1151435,215,19788,8,8823,19572319,0.0010984901686918141,0.045078970969152914
2021-05-31,NY,1151220,287,19780,10,9236,19572319,0.0014663566437886077,0.04718909394436091
2021-05-30,NY,1150933,528,19770,11,9747,19572319,0.002697687484043153,0.049799924066228435
2021-05-29,NY,1150405,532,19759,6,10152,19572319,0.0027181245104374195,0.0518691729886479
2021-05-28,NY,1149873,547,19753,11,10990,19572319,0.0027947633594159181,0.056150730018246692
2021-05-27,NY,1149326,631,19742,6,11709,19572319,0.0032239409136955105,0.059824285512616052
2021-05-26,NY,1148695,590,19736,14,12439,19572319,0.0030144613931542808,0.063554042829569668
2021-05-25,NY,1148105,479,19722,7,12992,19572319,0.0024473339107133909,0.066379461728576977
2021-05-24,NY,1147626,589,19715,9,13472,19572319,0.0030093521365557145,0.068831904895888932
2021-05-23,NY,1147037,634,19706,4,13795,19572319,0.0032392686834912103,0.070482194777225934
2021-05-22,NY,1146403,852,19702,14,14586,19572319,0.0043530866219787245,0.0745236167466921
2021-05-21,NY,1145551,967,19688,8,15673,19572319,0.0049406511308138805,0.080077378669333968
2021-05-20,NY,1144584,1013,19680,14,16186,19572319,0.0051756769343479433,0.082698427304398636
2021-05-19,NY,1143571,959,19666,12,16716,19572319,0.0048997770780253476,0.085406333301638909
2021-05-18,NY,1142612,628,19654,9,17115,19572319,0.0032086131438998113,0.087444926684466975
2021-05-17,NY,1141984,798,19645,7,17828,19572319,0.0040771867656561288,0.091087826639244945
2021-05-16,NY,1141186,933,19638,15,18314,19572319,0.0047669364064626173,0.0935709253461483
2021-05-15,NY,1140253,1370,19623,11,19238,19572319,0.0069996815400362108,0.098291878443223832
2021-05-14,NY,1138883,1266,19612,12,19725,19572319,0.0064683188537852871,0.10078008640672576
2021-05-13,NY,1137617,1361,19600,9,20691,19572319,0.0069536982306491121,0.10571562828094105
2021-05-12,NY,1136256,1143,19591,10,21798,19572319,0.0058398802921615983,0.11137157533555427
2021-05-11,NY,1135113,959,19581,20,22504,19572319,0.0048997770780253476,0.11497871049414227
2021-05-10,NY,1134154,912,19561,10,23058,19572319,0.0046596420178927189,0.11780923864974815
2021-05-09,NY,1133242,1425,19551,11,23842,19572319,0.0072806906529573733,0.12181489582302435
2021-05-08,NY,1131817,1939,19540,18,24579,19572319,0.0099068485446205945,0.12558041793616789
2021-05-07,NY,1129878,1480,19522,14,24932,19572319,0.0075616997658785349,0.1273839855154619
2021-05-06,NY,1128398,1543,19508,9,26222,19572319,0.00788358293158823,0.13397492652761281
2021-05-05,NY,1126855,1358,19499,19,27477,19572319,0.0069383704608534129,0.14038704355881385
2021-05-04,NY,1125497,1341,19480,26,28460,19572319,0.0068515130986777813,0.14540944279520479
2021-05-03,NY,1124156,1284,19454,23,29267,19572319,0.0065602854725594854,0.14953261287024802
2021-05-02,NY,1122872,1857,19431,22,30218,19572319,0.0094878895035381342,0.15439151589548486
2021-05-01,NY,1121015,1857,19409,0,31377,19572319,0.0094878895035381342,0.16031314429322349
2021-04-30,NY,1119158,2232,19409,19,33714,19572319,0.0114038607280006,0.17225347696407362
2021-04-29,NY,1116926,2468,19390,17,34611,19572319,0.012609645285262313,0.17683648013298783
2021-04-28,NY,1114458,1849,19373,18,36293,19572319,0.0094470154507496022,0.1854302497317768
2021-04-27,NY,1112609,1513,19355,12,37742,19572319,0.0077303052336312314,0.19283356254309977
2021-04-26,NY,1111096,1696,19343,23,38947,19572319,0.0086652991911689153,0.19899021674437251
2021-04-25,NY,1109400,2162,19320,22,40001,19572319,0.011046212766100941,0.20437537319926169
2021-04-24,NY,1107238,2292,19298,10,41353,19572319,0.011710416123914595,0.21128308812052368
2021-04-23,NY,1104946,2770,19288,20,43049,19572319,0.01415264077802942,0.21994838731169258
2021-04-22,NY,1102176,2798,19268,22,44925,19572319,0.014295699962789284,0.22953335269060349
2021-04-21,NY,1099378,2341,19246,24,46680,19572319,0.011960769697244357,0.23850009802108785
2021-04-20,NY,1097037,2148,19222,23,48085,19572319,0.010974683173721009,0.24567860354207388
2021-04-19,NY,1094889,2235,19199,20,48787,19572319,0.011419188497796301,0.24926530167426764
2021-04-18,NY,1092654,3016,19179,14,50017,19572319,0.015409517901276797,0.25554968729050453
2021-04-17,NY,1089638,4194,19165,24,50780,19572319,0.021428222174388226,0.25944805007521082
2021-04-16,NY,1085444,3129,19141,19,50712,19572319,0.015986863896914821,0.25910062062650829
2021-04-15,NY,1082315,4150,19122,24,51576,19572319,0.021203414884051298,0.26351501832766983
2021-04-14,NY,1078165,3298,19098,24,51992,19572319,0.016850328262072573,0.26564046907267352
2021-04-13,NY,1074867,2718,19074,19,52891,19572319,0.013886959434903959,0.27023369075478487
2021-04-12,NY,1072149,2750,19055,23,53543,19572319,0.014050455646058089,0.27356492605705029
2021-04-11,NY,1069399,3514,19032,22,54430,19572319,0.017953927687362953,0.27809683665997881
2021-04-10,NY,1065885,3988,19010,26,55109,19572319,0.02037571531508351,0.28156602189040553
2021-04-09,NY,1061897,4646,18984,26,55419,19572319,0.02373760615694032,0.28314989143596114
2021-04-08,NY,1057251,4553,18958,14,54887,19572319,0.023262445293273627,0.28043176692552374
2021-04-07,NY,1052698,3746,18944,28,54382,19572319,0.0191392752182304,0.27785159234324763
2021-04-06,NY,1048952,2850,18916,13,54105,19572319,0.014561381305914747,0.27643632826544468
2021-04-05,NY,1046102,3465,18903,20,54564,19572319,0.017703574114033192,0.27878147704418677
2021-04-04,NY,1042637,3779,18883,22,53895,19572319,0.019307880685983096,0.27536338437974567
2021-04-03,NY,1038858,4126,18861,25,53851,19572319,0.0210807927256857,0.27513857708940875
2021-04-02,NY,1034732,3993,18836,22,53584,19572319,0.020401261598076342,0.27377440557759147
2021-04-01,NY,1030739,4566,18814,30,53284,19572319,0.023328865629054993,0.27224162859802153
2021-03-31,NY,1026173,4197,18784,27,52466,19572319,0.021443549944183928,0.268062256700394
2021-03-30,NY,1021976,3370,18757,23,51856,19572319,0.017218194737169366,0.26494561017526846
2021-03-29,NY,1018606,3637,18734,23,51624,19572319,0.018582366248986643,0.263760262644401
2021-03-28,NY,1014969,4193,18711,14,50790,19572319,0.021423112917789661,0.2594991426411965
2021-03-27,NY,1010776,4298,18697,32,49406,19572319,0.021959584860639151,0.25242793150878035
2021-03-26,NY,1006478,4114,18665,12,48255,19572319,0.0210194816465029,0.24654717716383023
2021-03-25,NY,1002364,4048,18653,15,48359,19572319,0.020682270710997507,0.24707853985008113
2021-03-24,NY,998316,3469,18638,26,47510,19572319,0.017724011140427459,0.24274078099789809
2021-03-23,NY,994847,3309,18612,18,47110,19572319,0.016906530084656805,0.24069707835847146
2021-03-22,NY,991538,2796,18594,17,46708,19572319,0.014285481449592151,0.23864315720584769
2021-03-21,NY,988742,3735,18577,26,46474,19572319,0.019083073395646168,0.23744759116178313
2021-03-20,NY,985007,3859,18551,23,46021,19572319,0.019716621213868423,0.23513309792263246
2021-03-19,NY,981148,3693,18528,28,45730,19572319,0.018868484618506372,0.23364630425244962
2021-03-18,NY,977455,3748,18500,23,46137,19572319,0.019149493731427533,0.23572577168806619
2021-03-17,NY,973707,3587,18477,22,45957,19572319,0.018326903419058314,0.23480610550032421
2021-03-16,NY,970120,3138,18455,24,45759,19572319,0.016032847206301919,0.23379447269380801
2021-03-15,NY,966982,2803,18431,17,45304,19572319,0.014321246245782118,0.23146976094146021
2021-03-14,NY,964179,2809,18414,22,45233,19572319,0.014351901785373516,0.231107003722962
2021-03-13,NY,961370,3147,18392,36,46047,19572319,0.016078830515689018,0.2352659385941952
2021-03-12,NY,958223,4218,18356,21,46669,19572319,0.021550844332753824,0.23844389619850359
2021-03-11,NY,954005,3199,18335,32,46236,19572319,0.016344511858814484,0.23623158809132427
2021-03-10,NY,950806,3069,18303,20,47470,19572319,0.015680308501000828,0.24253641073395546
2021-03-09,NY,947737,2907,18283,34,47227,19572319,0.014852608932033041,0.24129486138050374
2021-03-08,NY,944830,2562,18249,21,47442,19572319,0.013089915405527572,0.24239335154919556
2021-03-07,NY,942268,3282,18228,27,47668,19572319,0.016768580156495509,0.2435480435404716
2021-03-06,NY,938986,3568,18201,35,47612,19572319,0.018229827543685549,0.24326192517095191
2021-03-05,NY,935418,4100,18166,48,47586,19572319,0.020947952054122969,0.24312908449938916
2021-03-04,NY,931318,3568,18118,26,47324,19572319,0.018229827543685549,0.24179045927056475
2021-03-03,NY,927750,3389,18092,28,47112,19572319,0.017315270612542129,0.24070729687166859
2021-03-02,NY,924361,2683,18064,33,46737,19572319,0.013708135453954128,0.23879132564720612
2021-03-01,NY,921678,2732,18031,28,47107,19572319,0.01395848902728389,0.24068175058867577
2021-02-28,NY,918946,3623,18003,39,47285,19572319,0.018510836656606709,0.24159119826322062
2021-02-27,NY,915323,3769,17964,31,47856,19572319,0.019256788119997429,0.24450858378100215
2021-02-26,NY,911554,3785,17933,40,48269,19572319,0.019338536225574497,0.24661870675621012
2021-02-25,NY,907769,4433,17893,47,48693,19572319,0.022649334501445639,0.24878503155400236
2021-02-24,NY,903336,2826,17846,48,49166,19572319,0.014438759147549149,0.25120170992512436
2021-02-23,NY,900510,3122,17798,43,50123,19572319,0.015951099100724855,0.25609126848995256
2021-02-22,NY,897388,2788,17755,44,50515,19572319,0.014244607396803619,0.2580940970765907
2021-02-21,NY,894600,3226,17711,37,51628,19572319,0.01648246178697578,0.26378069967079526
2021-02-20,NY,891374,3542,17674,52,53145,19572319,0.018096986872122817,0.27153144193082079
2021-02-19,NY,887832,3838,17622,67,55505,19572319,0.019609326825298524,0.28358928750343787
2021-02-18,NY,883994,3356,17555,55,56561,19572319,0.017146665144789436,0.28898466247152421
2021-02-17,NY,880638,3014,17500,60,57680,19572319,0.015399299388079666,0.29470192060532019
2021-02-16,NY,877624,3053,17440,44,58008,19572319,0.015598560395423762,0.29637775676965006
2021-02-15,NY,874571,2910,17396,50,58978,19572319,0.014867936701828741,0.30133373567025962
2021-02-14,NY,871661,4194,17346,60,60382,19572319,0.021428222174388226,0.30850713193464707
2021-02-13,NY,867467,4182,17286,59,61963,19572319,0.021366911095205429,0.31658486661698082
2021-02-12,NY,863285,4209,17227,74,64557,19572319,0.021504861023366725,0.32983827823366257
2021-02-11,NY,859076,4906,17153,69,67147,19572319,0.025066012872567631,0.34307125282394996
2021-02-10,NY,854170,3783,17084,75,69537,19572319,0.019328317712377363,0.35528237609452407
2021-02-09,NY,850387,3514,17009,84,71835,19572319,0.017953927687362953,0.36702344775803009
2021-02-08,NY,846873,3901,16925,62,74304,19572319,0.019931209991008222,0.379638202299891
2021-02-07,NY,842972,4743,16863,82,76711,19572319,0.024233204047001279,0.39193618293264076
2021-02-06,NY,838229,5902,16781,95,78928,19572319,0.030154832444739939,0.40326340481166278
2021-02-05,NY,832327,4894,16686,92,80952,19572319,0.025004701793384831,0.41360454016716158
2021-02-04,NY,827433,4475,16594,81,84895,19572319,0.022863923278585437,0.43375033893530962
2021-02-03,NY,822958,3342,16513,107,89108,19572319,0.017075135552409502,0.45527563698507062
2021-02-02,NY,819616,4023,16406,98,92536,19572319,0.02055453929603334,0.47279016860495682
2021-02-01,NY,815593,4314,16308,88,95675,19572319,0.022041332966216215,0.48882812506785728
2021-01-31,NY,811279,5775,16220,89,98318,19572319,0.029505956856721985,0.50233189025786873
2021-01-30,NY,805504,6776,16131,83,100634,19572319,0.034620322711887128,0.514164928540149
2021-01-29,NY,798728,6799,16048,89,103535,19572319,0.034737835613654164,0.52898688193259058
2021-01-28,NY,791929,7296,15959,112,108953,19572319,0.037277136143141751,0.55666883418362434
2021-01-27,NY,784633,6081,15847,118,109959,19572319,0.031069389375883355,0.56180874632178235
2021-01-26,NY,778552,5983,15729,111,112633,19572319,0.030568682229223831,0.57547089846634925
2021-01-25,NY,772569,6308,15618,117,115870,19572319,0.032229190623757974,0.59200956207590938
2021-01-24,NY,766261,6960,15501,105,117986,19572319,0.035560425926023383,0.60282074903847627
2021-01-23,NY,759301,7926,15396,96,121062,19572319,0.040495967800238696,0.618536822335667
2021-01-22,NY,751375,8837,15300,116,124035,19572319,0.045150500561532844,0.6337266422032054
2021-01-21,NY,742538,8688,15184,119,127746,19572319,0.044389221328346426,0.652687093440486
2021-01-20,NY,733850,6770,15065,128,130307,19572319,0.034589667172295731,0.665771899589415
2021-01-19,NY,727080,7162,14937,123,134562,19572319,0.036592495758933828,0.68751178641631583
2021-01-18,NY,719918,6957,14814,116,135203,19572319,0.035545098156227681,0.690786819895997
2021-01-17,NY,712961,8091,14698,128,135729,19572319,0.041338995139002181,0.693474288866843
2021-01-16,NY,704870,9677,14570,113,135666,19572319,0.049442276104328775,0.69315240570113323
2021-01-15,NY,695193,12217,14457,132,135835,19572319,0.062419787864687881,0.69401587006629106
2021-01-14,NY,682976,8302,14325,145,134822,19572319,0.042417048281299732,0.68884019313194311
2021-01-13,NY,674674,8755,14180,130,137329,19572319,0.044731541520450384,0.70164909942454956
2021-01-12,NY,665919,9220,14050,122,137286,19572319,0.047107345838783843,0.70142940139081111
2021-01-11,NY,656699,8424,13928,123,134934,19572319,0.043040377586324848,0.68941242987098261
2021-01-10,NY,648275,10036,13805,111,133394,19572319,0.051276499223214173,0.68154417470919
2021-01-09,NY,638239,10899,13694,143,128139,19572319,0.055685787667777133,0.65469503128372264
2021-01-08,NY,627340,12548,13551,126,124097,19572319,0.064110951798813418,0.63404341611231663
2021-01-07,NY,614792,11249,13425,144,119824,19572319,0.057474027477275438,0.61221156266664156
2021-01-06,NY,603543,11025,13281,118,116481,19572319,0.056329553999196522,0.59513131785763351
2021-01-05,NY,592518,7803,13163,124,113020,19572319,0.039867529238615,0.5774481807699946
2021-01-04,NY,584715,7483,13039,127,111477,19572319,0.0382325671270737,0.56956459783840641
2021-01-03,NY,577232,8028,12912,114,109663,19572319,0.041017111973292483,0.56029640636860667
2021-01-02,NY,569204,9846,12798,97,108348,19572319,0.050305740469486521,0.55357773394149157
2021-01-01,NY,559358,11204,12701,135,105076,19572319,0.057244110930339938,0.53686024635098173
2020-12-31,NY,548154,10809,12566,100,102070,19572319,0.055225954573906139,0.52150182101569054
2020-12-30,NY,537345,8712,12466,112,98548,19572319,0.04451184348671202,0.50350701927553909
2020-12-29,NY,528633,6868,12354,91,96303,19572319,0.035090374318955259,0.49203673821175714
2020-12-28,NY,521765,6884,12263,84,95642,19572319,0.035172122424532319,0.48865951960010456
2020-12-27,NY,514881,4781,12179,88,94773,19572319,0.024427355797746807,0.48421957561595025
2020-12-26,NY,510100,6857,12091,91,96808,19572319,0.035034172496371023,0.49461691279403319
2020-12-25,NY,503243,8275,12000,88,97097,19572319,0.042279098353138429,0.496093487951019
2020-12-24,NY,494968,7906,11912,100,96070,19572319,0.040393782668267361,0.49084628142429115
2020-12-23,NY,487062,7564,11812,133,94972,19572319,0.038646416911557589,0.485236317679065
2020-12-22,NY,479498,6260,11679,120,94266,19572319,0.031983946307026778,0.48162918252047704
2020-12-21,NY,473238,5669,11559,92,93880,19572319,0.028964375657273927,0.47965700947343026
2020-12-20,NY,467569,6713,11467,101,92748,19572319,0.034298439546177437,0.473873331003853
2020-12-19,NY,460856,6574,11366,99,92610,19572319,0.033588252878976682,0.47316825359325076
2020-12-18,NY,454282,8198,11267,91,93568,19572319,0.0418856855950488,0.47806292141467754
2020-12-17,NY,446084,7287,11176,91,93044,19572319,0.037231152833754652,0.47538567095702861
2020-12-16,NY,438797,6467,11085,81,92305,19572319,0.033041562422930063,0.47160993033068793
2020-12-15,NY,432330,6207,11004,103,91613,19572319,0.031713155707302751,0.46807432476447991
2020-12-14,NY,426123,6015,10901,67,90122,19572319,0.030732178440377966,0.46045642317601709
2020-12-13,NY,420108,6816,10834,91,88422,19572319,0.034824692975829796,0.45177068695845396
2020-12-12,NY,413292,7146,10743,74,86035,19572319,0.036510747653356761,0.43957489145767553
2020-12-11,NY,406146,7248,10669,71,82851,19572319,0.037031891826410555,0.42330701844783952
2020-12-10,NY,398898,6808,10598,77,81221,19572319,0.034783818923041256,0.414978930192176
2020-12-09,NY,392090,6858,10521,81,79015,19572319,0.035039281752969588,0.40370791013573815
2020-12-08,NY,385232,5874,10440,58,76506,19572319,0.030011773259980078,0.3908887853299346
2020-12-07,NY,379358,4537,10382,63,73785,19572319,0.023180697187696563,0.37698649812523494
2020-12-06,NY,374821,6575,10319,45,73372,19572319,0.033593362135575247,0.37487637515002692
2020-12-05,NY,368246,7532,10274,57,70258,19572319,0.038482920700403461,0.35896615010209065
2020-12-04,NY,360714,7674,10217,45,66754,19572319,0.039208435137399918,0.34106331498071335
2020-12-03,NY,353040,6548,10172,55,62527,19572319,0.033455412207413951,0.31946648733857236
2020-12-02,NY,346492,5775,10117,56,59442,19572319,0.029505956856721985,0.30370443073199449
2020-12-01,NY,340717,4716,10061,59,57214,19572319,0.02409525411883998,0.29232100703038816
2020-11-30,NY,336001,4315,10002,45,55652,19572319,0.02204644222281478,0.28434034822342719
2020-11-29,NY,331686,4429,9957,46,53542,19572319,0.022628897475051372,0.27355981680045172
2020-11-28,NY,327257,3962,9911,42,51305,19572319,0.020242874643520779,0.26213040978945829
2020-11-27,NY,323295,5618,9869,31,50934,19572319,0.028703803570747033,0.26023487559139
2020-11-26,NY,317677,4602,9838,58,48891,19572319,0.023512798866603391,0.24979666436051856
2020-11-25,NY,313075,4349,9780,33,47424,19572319,0.022220156947166048,0.24230138493042136
2020-11-24,NY,308726,3153,9747,43,46164,19572319,0.016109486055280418,0.23586372161622748
2020-11-23,NY,305573,4124,9704,25,45768,19572319,0.021070574212488567,0.23384045600319514
2020-11-22,NY,301449,3461,9679,27,43632,19572319,0.017683137087638925,0.2229270839086569
2020-11-21,NY,297988,4028,9652,27,42208,19572319,0.020580085579026176,0.21565150251229814
2020-11-20,NY,293960,3447,9625,29,40602,19572319,0.017611607495258991,0.2074460364150002
2020-11-19,NY,290513,3463,9596,23,39161,19572319,0.017693355600836059,0.20008359765646574
2020-11-18,NY,287050,3547,9573,29,37628,19572319,0.018122533155115653,0.19225110729086317
2020-11-17,NY,283503,3154,9544,26,35412,19572319,0.016114595311878987,0.18092899466843965
2020-11-16,NY,280349,2205,9518,21,33777,19572319,0.011265910799839303,0.17257536012978331
2020-11-15,NY,278144,2192,9497,25,32564,19572319,0.011199490464057937,0.16637783187572203
2020-11-14,NY,275952,3591,9472,15,31681,19572319,0.018347340445452581,0.16186635829918775
2020-11-13,NY,272361,3575,9457,19,29440,19572319,0.018265592339875517,0.15041651426180006
2020-11-12,NY,268786,3135,9438,23,27217,19572319,0.016017519436506221,0.13905863684318653
2020-11-11,NY,265651,3089,9415,16,25521,19572319,0.015782493632972159,0.13039333765201763
2020-11-10,NY,262562,2757,9399,28,23626,19572319,0.014086220442248056,0.12071129639773395
2020-11-09,NY,259805,1988,9371,18,22129,19572319,0.010157202117950357,0.1130627392696798
2020-11-08,NY,257817,2037,9353,13,20908,19572319,0.010407555691280119,0.10682433696282999
2020-11-07,NY,255780,2422,9340,14,19850,19572319,0.012374619481728253,0.10141874348154657
2020-11-06,NY,253358,2006,9326,13,18734,19572319,0.010249168736724556,0.095716813117546262
2020-11-05,NY,251352,1930,9313,12,17794,19572319,0.0098608652352334958,0.09091411191489368
2020-11-04,NY,249422,1331,9301,11,16962,19572319,0.006800420532692115,0.086663210424886283
2020-11-03,NY,248091,1519,9290,8,16818,19572319,0.0077609607732226317,0.0859274774746927
2020-11-02,NY,246572,992,9282,9,16064,19572319,0.0050683825457780449,0.0820750979993735
2020-11-01,NY,245580,1309,9273,10,15651,19572319,0.0066880168875236507,0.079964975024165511
2020-10-31,NY,244271,1350,9263,4,15120,19572319,0.00689749640806488,0.077251959770326645
2020-10-30,NY,242921,1352,9259,8,14748,19572319,0.0069077149212620126,0.075351316315659889
2020-10-29,NY,241569,1439,9251,12,14443,19572319,0.0073522202453373056,0.07379299305309707
2020-10-28,NY,240130,1194,9239,13,13956,19572319,0.0061004523786884939,0.07130478508959516
2020-10-27,NY,238936,1260,9226,11,13530,19572319,0.0064376633141938885,0.069128241778605784
2020-10-26,NY,237676,767,9215,12,13118,19572319,0.0039187998111005649,0.067023228059996359
2020-10-25,NY,236909,979,9203,6,12987,19572319,0.0050019622099966793,0.066353915445584138
2020-10-24,NY,235930,1306,9197,12,12682,19572319,0.00667268911772795,0.064795592183021333
2020-10-23,NY,234624,1066,9185,8,12248,19572319,0.0054464675340719724,0.062578174819243437
2020-10-22,NY,233558,1098,9177,11,12150,19572319,0.0056099637452261021,0.062077467672583916
2020-10-21,NY,232460,1187,9166,2,12192,19572319,0.0060646875824985277,0.062292056449723715
2020-10-20,NY,231273,765,9164,9,11817,19572319,0.0039085812979034323,0.06037608522526125
2020-10-19,NY,230508,579,9155,10,11878,19572319,0.0029582595705700486,0.060687749877773811
2020-10-18,NY,229929,778,9145,3,11764,19572319,0.0039750016336847979,0.060105294625537216
2020-10-17,NY,229151,978,9142,6,11676,19572319,0.0049968529533981135,0.059655680044863366
2020-10-16,NY,228173,1047,9136,9,11717,19572319,0.0053493916586992065,0.059865159565404592
2020-10-15,NY,227126,952,9127,9,11669,19572319,0.0048640122818353814,0.05961991524867339
2020-10-14,NY,226174,768,9118,1,11566,19572319,0.0039239090676991316,0.059093661819021044
2020-10-13,NY,225406,848,9117,4,11352,19572319,0.0043326495955844577,0.058000280906927784
2020-10-12,NY,224558,636,9113,10,11170,19572319,0.0032494871966883433,0.057070396205988673
2020-10-11,NY,223922,674,9103,3,10989,19572319,0.0034436389474338733,0.05614562076164812
2020-10-10,NY,223248,872,9100,5,10799,19572319,0.0044552717539500554,0.055174862007920468
2020-10-09,NY,222376,968,9095,3,10503,19572319,0.0049457603874124472,0.053662522054744768
2020-10-08,NY,221408,1140,9092,8,10072,19572319,0.005824552522365899,0.051460432460762574
2020-10-07,NY,220268,812,9084,7,9463,19572319,0.0041487163580360611,0.048348895192235522
2020-10-06,NY,219456,826,9077,4,9036,19572319,0.0042202459504159925,0.046167242624647595
2020-10-05,NY,218630,465,9073,5,8613,19572319,0.0023758043183334586,0.044006027083453934
2020-10-04,NY,218165,690,9068,11,8461,19572319,0.0035253870530109386,0.043229420080471814
2020-10-03,NY,217475,1019,9057,7,8235,19572319,0.0052063324739393428,0.042074728089195768
2020-10-02,NY,216456,999,9050,4,7710,19572319,0.0051041473419680111,0.039392368374948313
2020-10-01,NY,215457,849,9046,5,7153,19572319,0.0043377588521830244,0.036546512449546729
2020-09-30,NY,214608,554,9041,5,6867,19572319,0.0028305281556058842,0.035085265062356687
2020-09-29,NY,214054,666,9036,2,6713,19572319,0.0034027648946453408,0.034298439546177437
2020-09-28,NY,213388,455,9034,7,6507,19572319,0.0023247117523477927,0.033245932686872717
2020-09-27,NY,212933,484,9027,3,6370,19572319,0.0024728801937062236,0.0325459645328691
2020-09-26,NY,212449,576,9024,2,6367,19572319,0.0029429318007743485,0.0325306367630734
2020-09-25,NY,211873,537,9022,5,6334,19572319,0.0027436707934302522,0.032362031295320705
2020-09-24,NY,211336,531,9017,0,6408,19572319,0.0027130152538388528,0.032740116283614631
2020-09-23,NY,210805,385,9017,1,6298,19572319,0.0019670637904481321,0.0321780980577723
2020-09-22,NY,210420,403,9016,1,6276,19572319,0.0020590304092223308,0.032065694412603839
2020-09-21,NY,210017,313,9015,0,6208,19572319,0.0015991973153513387,0.031718264963901316
2020-09-20,NY,209704,464,9015,1,6212,19572319,0.0023706950617348919,0.031738701990295576
2020-09-19,NY,209240,494,9014,1,6182,19572319,0.0025239727596918895,0.031585424292338585
2020-09-18,NY,208746,442,9013,5,6210,19572319,0.0022582914165664276,0.031728483477098446
2020-09-17,NY,208304,563,9008,2,6307,19572319,0.0028765114649929834,0.0322240813671594
2020-09-16,NY,207741,400,9006,3,6329,19572319,0.0020437026394266311,0.032336485012327873
2020-09-15,NY,207341,460,9003,8,6373,19572319,0.0023502580353406259,0.032561292302664795
2020-09-14,NY,206881,318,8995,3,6362,19572319,0.0016247435983441716,0.032505090480080566
2020-09-13,NY,206563,481,8992,4,6432,19572319,0.0024575524239105239,0.032862738441980226
2020-09-12,NY,206082,543,8988,2,6368,19572319,0.0027743263330216516,0.03253574601967197
2020-09-11,NY,205539,611,8986,3,6182,19572319,0.0031217557817241788,0.031585424292338585
2020-09-10,NY,204928,421,8983,7,5937,19572319,0.0021509970279965291,0.030333656425689769
2020-09-09,NY,204507,363,8976,2,5992,19572319,0.0018546601452796678,0.030614665538610936
2020-09-08,NY,204144,335,8974,4,5935,19572319,0.0017116009605198036,0.030323437912492639
2020-09-07,NY,203809,317,8970,0,5998,19572319,0.0016196343417456051,0.030645321078202333
2020-09-06,NY,203492,434,8970,6,5875,19572319,0.0022174173637778947,0.030016882516578643
2020-09-05,NY,203058,522,8964,1,5734,19572319,0.0026670319444517532,0.029296477336180758
2020-09-04,NY,202536,539,8963,0,5598,19572319,0.0027538893066273852,0.028601618438775702
2020-09-03,NY,201997,585,8963,6,5482,19572319,0.0029889151101614476,0.02800894467334198
2020-09-02,NY,201412,444,8957,3,5225,19572319,0.0022685099297635606,0.026695865727510367
2020-09-01,NY,200968,449,8954,2,5139,19572319,0.0022940562127563933,0.02625646966003364
2020-08-31,NY,200519,388,8952,1,5061,19572319,0.0019823915602438322,0.02585794764534545
2020-08-30,NY,200131,417,8951,6,4846,19572319,0.0021305600016022631,0.024759457476653635
2020-08-29,NY,199714,357,8945,4,4729,19572319,0.0018240046056882682,0.024161674454621345
2020-08-28,NY,199357,366,8941,2,4724,19572319,0.0018699879150753673,0.02413612817162851
2020-08-27,NY,198991,476,8939,3,4718,19572319,0.0024320061409176907,0.024105472632037113
2020-08-26,NY,198515,306,8936,1,4541,19572319,0.0015634325191613728,0.023201134214090827
2020-08-25,NY,198209,398,8935,2,4549,19572319,0.0020334841262294981,0.02324200826687936
2020-08-24,NY,197811,194,8933,3,4544,19572319,0.00099119578012191612,0.023216461983886529
2020-08-23,NY,197617,293,8930,6,4589,19572319,0.0014970121833800072,0.023446378530822026
2020-08-22,NY,197324,386,8924,3,4563,19572319,0.0019721730470466988,0.023313537859259294
2020-08-21,NY,196938,423,8921,3,4554,19572319,0.0021612155411936626,0.023267554549872192
2020-08-20,NY,196515,328,8918,4,4501,19572319,0.0016758361643298375,0.022996763950148165
2020-08-19,NY,196187,358,8914,4,4543,19572319,0.0018291138622868346,0.023211352727287964
2020-08-18,NY,195829,371,8910,4,4520,19572319,0.0018955341980682004,0.023093839825520931
2020-08-17,NY,195458,173,8906,5,4579,19572319,0.00088390139155201789,0.023395285964836358
2020-08-16,NY,195285,300,8901,3,4710,19572319,0.0015327769795699733,0.024064598579248579
2020-08-15,NY,194985,352,8898,1,4678,19572319,0.0017984583226954354,0.023901102368094451
2020-08-14,NY,194633,360,8897,3,4767,19572319,0.0018393323754839681,0.024355826205366873
2020-08-13,NY,194273,299,8894,7,4766,19572319,0.0015276677229714068,0.024350716948768308
2020-08-12,NY,193974,314,8887,2,4932,19572319,0.0016043065719499056,0.025198853544130363
2020-08-11,NY,193660,393,8885,5,5031,19572319,0.002007937843236665,0.025704669947388448
2020-08-10,NY,193267,239,8880,1,4974,19572319,0.0012211123270574121,0.025413442321270158
2020-08-09,NY,193028,267,8879,4,5053,19572319,0.0013641715118172762,0.02581707359255692
2020-08-08,NY,192761,377,8875,1,5093,19572319,0.0019261897376595997,0.026021443856499578
2020-08-07,NY,192384,370,8874,3,5126,19572319,0.0018904249414696337,0.026190049324252274
2020-08-06,NY,192014,370,8871,3,5149,19572319,0.0018904249414696337,0.026307562226019307
2020-08-05,NY,191644,335,8868,2,5202,19572319,0.0017116009605198036,0.026578352825743334
2020-08-04,NY,191309,430,8866,3,5222,19572319,0.0021969803373836283,0.026680537957714669
2020-08-03,NY,190879,304,8863,3,5256,19572319,0.0015532140059642395,0.026854252682065934
2020-08-02,NY,190575,268,8860,6,5187,19572319,0.0013692807684158427,0.026501713976764839
2020-08-01,NY,190307,441,8854,13,5123,19572319,0.0022531821599678608,0.026174721554456576
2020-07-31,NY,189866,359,8841,4,5049,19572319,0.0018342231188854011,0.025796636566162649
2020-07-30,NY,189507,465,8837,7,5099,19572319,0.0023758043183334586,0.026052099396090982
2020-07-29,NY,189042,413,8830,4,5018,19572319,0.0021101229752079963,0.025638249611607086
2020-07-28,NY,188629,336,8826,4,5070,19572319,0.0017167102171183701,0.025903930954732545
2020-07-27,NY,188293,318,8822,2,5331,19572319,0.0016247435983441716,0.027237446926958425
2020-07-26,NY,187975,307,8820,1,5320,19572319,0.0015685417757599395,0.027181245104374193
2020-07-25,NY,187668,410,8819,6,5349,19572319,0.002094795205412297,0.027329413545732623
2020-07-24,NY,187258,393,8813,6,5362,19572319,0.002007937843236665,0.027395833881513988
2020-07-23,NY,186865,423,8807,7,5404,19572319,0.0021612155411936626,0.027610422658653783
2020-07-22,NY,186442,355,8800,6,5290,19572319,0.0018137860924911349,0.027027967406417195
2020-07-21,NY,186087,464,8794,2,5338,19572319,0.0023706950617348919,0.027273211723148394
2020-07-20,NY,185623,235,8792,5,5190,19572319,0.0012006753006631459,0.026517041746560541
2020-07-19,NY,185388,204,8787,8,5226,19572319,0.0010422883461075818,0.026700974984108936
2020-07-18,NY,185184,367,8779,9,5316,19572319,0.0018750971716739338,0.027160808077979926
2020-07-17,NY,184817,409,8770,8,5307,19572319,0.0020896859488137303,0.027114824768592827
2020-07-16,NY,184408,384,8762,0,5356,19572319,0.0019619545338495658,0.027365178341922588
2020-07-15,NY,184024,465,8762,6,5420,19572319,0.0023758043183334586,0.027692170764230854
2020-07-14,NY,183559,597,8756,4,5284,19572319,0.0030502261893442469,0.026997311866825795
2020-07-13,NY,182962,307,8752,6,4971,19572319,0.0015685417757599395,0.025398114551474459
2020-07-12,NY,182655,336,8746,5,4866,19572319,0.0017167102171183701,0.024861642608624966
2020-07-11,NY,182319,423,8741,4,4830,19572319,0.0021612155411936626,0.024677709371076571
2020-07-10,NY,181896,435,8737,5,4746,19572319,0.0022225266203764614,0.024248531816796978
2020-07-09,NY,181461,309,8732,11,4745,19572319,0.0015787602889570725,0.024243422560198413
2020-07-08,NY,181152,403,8721,5,4834,19572319,0.0020590304092223308,0.024698146397470838
2020-07-07,NY,180749,316,8716,6,4720,19572319,0.0016145250851470386,0.024115691145234246
2020-07-06,NY,180433,271,8710,5,4686,19572319,0.0013846085382115427,0.023941976420882985
2020-07-05,NY,180162,294,8705,4,4672,19572319,0.0015021214399785739,0.023870446828503051
2020-07-04,NY,179868,358,8701,5,4657,19572319,0.0018291138622868346,0.023793807979524552
2020-07-03,NY,179510,458,8696,5,4624,19572319,0.0023400395221434924,0.023625202511771855
2020-07-02,NY,179052,448,8691,4,4552,19572319,0.0022889469561578266,0.023257336036675062
2020-07-01,NY,178604,329,8687,7,4403,19572319,0.001680945420928404,0.022496056803488641
2020-06-30,NY,178275,284,8680,7,4291,19572319,0.001451028873992908,0.021923820064449186
2020-06-29,NY,177991,202,8673,6,4306,19572319,0.0010320698329104486,0.022000458913427685
2020-06-28,NY,177789,300,8667,3,4343,19572319,0.0015327769795699733,0.022189501407574645
2020-06-27,NY,177489,339,8664,10,4352,19572319,0.0017320379869140696,0.022235484716961747
2020-06-26,NY,177150,434,8654,9,4390,19572319,0.0022174173637778947,0.022429636467707278
2020-06-25,NY,176716,398,8645,9,4341,19572319,0.0020334841262294981,0.022179282894377515
2020-06-24,NY,176318,289,8636,9,4280,19572319,0.001476575156985741,0.021867618241864954
2020-06-23,NY,176029,282,8627,14,4240,19572319,0.0014408103607957748,0.021663247977922288
2020-06-22,NY,175747,257,8613,7,4301,19572319,0.0013130789458316106,0.021974912630434849
2020-06-21,NY,175490,279,8606,11,4362,19572319,0.0014254825910000751,0.022286577282947414
2020-06-20,NY,175211,325,8595,15,4406,19572319,0.0016605083945341378,0.022511384573284342
2020-06-19,NY,174886,386,8580,12,4618,19572319,0.0019721730470466988,0.023594546972180455
2020-06-18,NY,174500,299,8568,17,4773,19572319,0.0015276677229714068,0.024386481744958274
2020-06-17,NY,174201,217,8551,13,4988,19572319,0.0011087086818889473,0.025484971913650092
2020-06-16,NY,173984,299,8538,17,5321,19572319,0.0015276677229714068,0.027186354360972761
2020-06-15,NY,173685,239,8521,19,5738,19572319,0.0012211123270574121,0.029316914362575022
2020-06-14,NY,173446,309,8502,13,5979,19572319,0.0015787602889570725,0.030548245202829571
2020-06-13,NY,173137,377,8489,21,6228,19572319,0.0019261897376595997,0.03182045009587265
2020-06-12,NY,172760,385,8468,30,6475,19572319,0.0019670637904481321,0.033082436475718589
2020-06-11,NY,172375,337,8438,22,6693,19572319,0.0017218194737169366,0.0341962544142061
2020-06-10,NY,172038,249,8416,25,7041,19572319,0.0012722048930430779,0.035974275710507271
2020-06-09,NY,171789,343,8391,29,7254,19572319,0.0017524750133083363,0.037062547366001952
2020-06-08,NY,171446,318,8362,23,7413,19572319,0.0016247435983441716,0.037874919165174041
2020-06-07,NY,171128,323,8339,31,7736,19572319,0.0016502898813370048,0.039525209046511044
2020-06-06,NY,170805,537,8308,24,8145,19572319,0.0027436707934302522,0.041614894995324773
2020-06-05,NY,170268,541,8284,25,8598,19572319,0.0027641078198245182,0.043929388234475432
2020-06-04,NY,169727,514,8259,29,8944,19572319,0.0026261578916632212,0.045697191017579471
2020-06-03,NY,169213,550,8230,32,9393,19572319,0.0028100911292116173,0.047991247230335862
2020-06-02,NY,168663,716,8198,39,9639,19572319,0.0036582277245736693,0.04924812435358325
2020-06-01,NY,167947,480,8159,29,9806,19572319,0.0024524431673119572,0.050101370205543866
2020-05-31,NY,167467,558,8130,30,9939,19572319,0.00285096518200015,0.050780901333153217
2020-05-30,NY,166909,624,8100,42,10277,19572319,0.0031881761175055444,0.052507830063468715
2020-05-29,NY,166285,603,8058,35,10829,19572319,0.0030808817289356464,0.055328139705877473
2020-05-28,NY,165682,685,8023,46,11176,19572319,0.0034998407700181054,0.05710105174558007
2020-05-27,NY,164997,462,7977,50,11586,19572319,0.0023604765485377589,0.059195846950992372
2020-05-26,NY,164535,502,7927,48,12173,19572319,0.0025648468124804219,0.062194980574350946
2020-05-25,NY,164033,641,7879,49,12335,19572319,0.0032750334796811764,0.063022680143318743
2020-05-24,NY,163392,732,7830,68,12414,19572319,0.0037399758301507346,0.0634263114146055
2020-05-23,NY,162660,990,7762,46,12827,19572319,0.0050581640325809115,0.065536434389813492
2020-05-22,NY,161670,887,7716,56,13046,19572319,0.0045319106029285544,0.06665536158489957
2020-05-21,NY,160783,963,7660,54,13530,19572319,0.0049202141044196136,0.069128241778605784
2020-05-20,NY,159820,796,7606,56,14193,19572319,0.0040669682524589962,0.072515678903455436
2020-05-19,NY,159024,883,7550,54,14706,19572319,0.0045114735765342884,0.07513672753852009
2020-05-18,NY,158141,613,7496,48,14839,19572319,0.0031319742949213118,0.075816258666129441
2020-05-17,NY,157528,896,7448,71,15444,19572319,0.0045778939123156531,0.078907358908262226
2020-05-16,NY,156632,1176,7377,98,16009,19572319,0.0060084857599142956,0.081794088886452343
2020-05-15,NY,155456,950,7279,68,16832,19572319,0.0048537937686382489,0.085999007067072641
2020-05-14,NY,154506,1095,7211,79,17612,19572319,0.0055946359754304028,0.089984227213954562
2020-05-13,NY,153411,1049,7132,87,18561,19572319,0.00535961017189634,0.094832911725994243
2020-05-12,NY,152362,664,7045,98,19594,19572319,0.0033925463814482078,0.10011077379231351
2020-05-11,NY,151698,720,6947,80,20191,19572319,0.0036786647509679362,0.10316099998165779
2020-05-10,NY,150978,1145,6867,101,21191,19572319,0.0058500988053587308,0.10827025658022435
2020-05-09,NY,149833,1209,6766,109,22803,19572319,0.006177091227666992,0.11650637821711367
2020-05-08,NY,148624,1371,6657,77,27507,19572319,0.0070047907966347776,0.14054032125677085
2020-05-07,NY,147253,1626,6580,98,29648,19572319,0.0083076512292692556,0.1514792396343019
2020-05-06,NY,145627,1309,6482,575,30843,19572319,0.0066880168875236507,0.15758480126958896
2020-05-05,NY,144318,1016,5907,99,31953,19572319,0.0051910047041436426,0.16325607609399784
2020-05-04,NY,143302,1218,5808,157,32596,19572319,0.0062230745370540916,0.16654132808687616
2020-05-03,NY,142084,1461,5651,107,33734,19572319,0.00746462389050577,0.17235566209604494
2020-05-02,NY,140623,1999,5544,102,35075,19572319,0.010213403940534589,0.17920717519472271
2020-05-01,NY,138624,1730,5442,97,36334,19572319,0.0088390139155201785,0.18563972925231803
2020-04-30,NY,136894,2044,5345,175,37756,19572319,0.010443320487470084,0.19290509213547971
2020-04-29,NY,134850,2082,5170,110,39373,19572319,0.010637472238215614,0.20116676005536185
2020-04-28,NY,132768,1261,5060,113,41025,19572319,0.0064427725707924535,0.20960725195619387
2020-04-27,NY,131507,1720,4947,116,43239,19572319,0.0087879213495345131,0.22091914606542024
2020-04-26,NY,129787,2757,4831,116,44301,19572319,0.014086220442248056,0.22634517657309797
2020-04-25,NY,127030,5913,4715,163,44880,19572319,0.030211034267324174,0.229303436143668
2020-04-24,NY,121117,3512,4552,145,42989,19572319,0.017943709174165819,0.2196418319157786
2020-04-23,NY,117605,2821,4407,147,44695,19572319,0.014413212864556317,0.22835822367293321
2020-04-22,NY,114784,2419,4260,153,47271,19572319,0.012359291711932551,0.24151966867084068
2020-04-21,NY,112365,1659,4107,167,50468,19572319,0.008476256697021952,0.257853962016458
2020-04-20,NY,110706,2356,3940,153,52518,19572319,0.012037408546222858,0.26832793804351951
2020-04-19,NY,108350,2802,3787,225,53870,19572319,0.014316136989183549,0.27523565296478153
2020-04-18,NY,105548,3258,3562,2,55150,19572319,0.016645957998129911,0.28177550141094676
2020-04-17,NY,102290,3152,3560,313,56586,19572319,0.016104376798681853,0.28911239388648835
2020-04-16,NY,99138,3661,3247,166,58566,19572319,0.018704988407352241,0.29922872195165018
2020-04-15,NY,95477,3734,3081,199,59204,19572319,0.019077964139047603,0.30248842766153566
2020-04-14,NY,91743,3475,2882,221,59087,19572319,0.017754666680018856,0.30189064463950338
2020-04-13,NY,88268,2782,2661,218,59224,19572319,0.014213951857212217,0.30259061279350696
2020-04-12,NY,85486,3336,2443,183,59741,19572319,0.017044480012818105,0.30523209845496591
2020-04-11,NY,82150,4022,2260,236,59598,19572319,0.020549430039434775,0.30450147476137085
2020-04-10,NY,78128,5218,2024,237,58891,19572319,0.026660100931320402,0.30088923034618431
2020-04-09,NY,72910,5397,1787,242,57045,19572319,0.027574657862463822,0.29145754266523044
2020-04-08,NY,67513,5616,1545,167,54558,19572319,0.028693585057549903,0.27875082150459535
2020-04-07,NY,61897,3709,1378,181,51136,19572319,0.018950232724083436,0.26126694542430051
2020-04-06,NY,58188,3708,1197,180,49618,19572319,0.018945123467484868,0.25351109390767645
2020-04-05,NY,54480,4082,1017,451,48357,19572319,0.020855985435348771,0.247068321336884
2020-04-04,NY,50398,4694,566,58,46253,19572319,0.023982850473671515,0.23631844545349989
2020-04-03,NY,45704,5132,508,113,43010,19572319,0.026220704863843678,0.21974912630434851
2020-04-02,NY,40572,4299,395,120,38889,19572319,0.021964694117237716,0.19869387986165563
2020-04-01,NY,36273,3617,275,64,35230,19572319,0.018480181117015312,0.17999910996750054
2020-03-31,NY,32656,3612,211,56,31926,19572319,0.018454634834022477,0.16311812616583654
2020-03-30,NY,29044,3299,155,36,28557,19572319,0.016855437518671138,0.14590504068526577
2020-03-29,NY,25745,3193,119,12,25345,19572319,0.01631385631922308,0.12949410849066992
2020-03-28,NY,22552,3315,107,11,22241,19572319,0.016937185624248206,0.11363497600871925
2020-03-27,NY,19237,3372,96,37,18970,19572319,0.0172284132503665,0.096922597674807973
2020-03-26,NY,15865,2910,59,7,15635,19572319,0.014867936701828741,0.079883226918588443
2020-03-25,NY,12955,2194,52,13,12791,19572319,0.011209708977255071,0.0653525011522651
2020-03-24,NY,10761,2191,39,8,10624,19572319,0.011194381207459371,0.054280742103171326
2020-03-23,NY,8570,2447,31,7,8445,19572319,0.012502350896692415,0.043147671974894747
2020-03-22,NY,6123,1978,24,3,6095,19572319,0.010106109551964691,0.031140918968263289
2020-03-21,NY,4145,1451,21,6,4117,19572319,0.0074135313245201036,0.021034809416298598
2020-03-20,NY,2694,1011,15,10,2673,19572319,0.00516545842115081,0.013657042887968462
2020-03-19,NY,1683,640,5,4,1671,19572319,0.0032699242230826097,0.0085375677762047509
2020-03-18,NY,1043,313,1,0,1042,19572319,0.0015991973153513387,0.0053238453757063738
2020-03-17,NY,730,243,1,0,730,19572319,0.0012415493534516783,0.0037297573169536016
2020-03-16,NY,487,87,1,0,487,19572319,0.00044450532407529225,0.0024882079635019233
2020-03-15,NY,400,89,1,1,400,19572319,0.00045472383727242541,0.0020437026394266311
2020-03-14,NY,311,44,0,0,311,19572319,0.00022480729033692943,0.0015889788021542055
2020-03-13,NY,267,37,0,0,267,19572319,0.00018904249414696336,0.0013641715118172762
2020-03-12,NY,230,66,0,0,230,19572319,0.00033721093550539413,0.0011751290176703129
2020-03-11,NY,164,27,0,0,164,19572319,0.00013794992816129761,0.00083791808216491875
2020-03-10,NY,137,12,0,0,137,19572319,6.1311079182798932e-05,0.00069996815400362108
2020-03-09,NY,125,97,0,0,125,19572319,0.00049559789006095806,0.00063865707482082222
2020-03-08,NY,28,0,0,0,28,19572319,0.0,0.00014305918475986416
2020-03-07,NY,28,7,0,0,28,19572319,3.576479618996604e-05,0.00014305918475986416
2020-03-06,NY,21,9,0,0,21,19572319,4.5983309387099195e-05,0.00010729438856989813
2020-03-05,NY,12,11,0,0,12,19572319,5.6201822584232357e-05,6.1311079182798932e-05
2020-03-04,NY,1,1,0,0,1,19572319,5.1092565985665776e-06,5.1092565985665776e-06
2020-03-03,NY,0,0,0,0,0,19572319,0.0,0.0
2020-03-02,NY,0,0,0,0,0,19572319,0.0,0.0
2020-03-01,NY,0,0,0,0,0,19572319,0.0,0.0
2020-02-29,NY,0,0,0,0,0,19572319,0.0,0.0
2020-02-28,NY,0,0,0,0,0,19572319,0.0,0.0
2020-02-27,NY,0,0,0,0,0,19572319,0.0,0.0
2020-02-26,NY,0,0,0,0,0,19572319,0.0,0.0
2020-02-25,NY,0,0,0,0,0,19572319,0.0,0.0
2020-02-24,NY,0,0,0,0,0,19572319,0.0,0.0
2020-02-23,NY,0,0,0,0,0,19572319,0.0,0.0
2020-02-22,NY,0,0,0,0,0,19572319,0.0,0.0
2020-02-21,NY,0,0,0,0,0,19572319,0.0,0.0
2020-02-20,NY,0,0,0,0,0,19572319,0.0,0.0
2020-02-19,NY,0,0,0,0,0,19572319,0.0,0.0
2020-02-18,NY,0,0,0,0,0,19572319,0.0,0.0
2020-02-17,NY,0,0,0,0,0,19572319,0.0,0.0
2020-02-16,NY,0,0,0,0,0,19572319,0.0,0.0
2020-02-15,NY,0,0,0,0,0,19572319,0.0,0.0
2020-02-14,NY,0,0,0,0,0,19572319,0.0,0.0
2020-02-13,NY,0,0,0,0,0,19572319,0.0,0.0
2020-02-12,NY,0,0,0,0,0,19572319,0.0,0.0
2020-02-11,NY,0,0,0,0,0,19572319,0.0,0.0
2020-02-10,NY,0,0,0,0,0,19572319,0.0,0.0
2020-02-09,NY,0,0,0,0,0,19572319,0.0,0.0
2020-02-08,NY,0,0,0,0,0,19572319,0.0,0.0
2020-02-07,NY,0,0,0,0,0,19572319,0.0,0.0
2020-02-06,NY,0,0,0,0,0,19572319,0.0,0.0
2020-02-05,NY,0,0,0,0,0,19572319,0.0,0.0
2020-02-04,NY,0,0,0,0,0,19572319,0.0,0.0
2020-02-03,NY,0,0,0,0,0,19572319,0.0,0.0
2020-02-02,NY,0,0,0,0,0,19572319,0.0,0.0
2020-02-01,NY,0,0,0,0,0,19572319,0.0,0.0
2020-01-31,NY,0,0,0,0,0,19572319,0.0,0.0
2020-01-30,NY,0,0,0,0,0,19572319,0.0,0.0
2020-01-29,NY,0,0,0,0,0,19572319,0.0,0.0
2020-01-28,NY,0,0,0,0,0,19572319,0.0,0.0
2020-01-27,NY,0,0,0,0,0,19572319,0.0,0.0
2020-01-26,NY,0,0,0,0,0,19572319,0.0,0.0
2020-01-25,NY,0,0,0,0,0,19572319,0.0,0.0
2020-01-24,NY,0,0,0,0,0,19572319,0.0,0.0
2020-01-23,NY,0,0,0,0,0,19572319,0.0,0.0
2020-01-22,NY,0,0,0,0,0,19572319,0.0,0.0